 ,hazard-category,product-category,hazard,product
1,biological,"meat, egg and dairy products",listeria monocytogenes,thermal processed pork meat
2,biological,"meat, egg and dairy products","antibiotics, vet drugs",hot dogs
3,chemical,"meat, egg and dairy products","antibiotics, vet drugs",cooked chicken
4,allergens,ices and desserts,nuts,ice cream
5,chemical,"meat, egg and dairy products",sulfamethazine unauthorised,chicken
6,foreign bodies,cereals and bakery products,metal fragment,other
7,biological,"meat, egg and dairy products",listeria monocytogenes,milk
8,chemical,"soups, broths, sauces and condiments",peanuts and products thereof,other
9,foreign bodies,cereals and bakery products,metal fragment,other
10,biological,"meat, egg and dairy products",listeria monocytogenes,other dairy products
11,foreign bodies,"meat, egg and dairy products",plastic fragment,biscuits
12,foreign bodies,non-alcoholic beverages,packaging defect,other
13,foreign bodies,cereals and bakery products,glass fragment,cooking sauce
14,chemical,"meat, egg and dairy products",metal fragment,biscuits
15,biological,cereals and bakery products,glass fragment,other
16,chemical,fats and oils,polycyclic aromatic hydrocarbons,other
17,allergens,prepared dishes and snacks,cereals containing gluten and products thereof,other
18,biological,"meat, egg and dairy products",escherichia coli,cheese
19,organoleptic aspects,cereals and bakery products,metal fragment,other
20,chemical,cereals and bakery products,other,other
21,biological,"meat, egg and dairy products",listeria monocytogenes,other dairy products
22,allergens,"meat, egg and dairy products",eggs and products thereof,dip-sauce
23,foreign bodies,prepared dishes and snacks,metal fragment,noodles
24,allergens,cereals and bakery products,eggs and products thereof,fruit salad
25,allergens,cereals and bakery products,labelling/misdescription,sauce
26,biological,"meat, egg and dairy products",glass fragment,ready to eat - cook meals
27,allergens,cereals and bakery products,eggs and products thereof,other
28,biological,"meat, egg and dairy products",listeria monocytogenes,ham
29,allergens,cereals and bakery products,soybeans and products thereof,dried fruits
30,allergens,cereals and bakery products,peanuts and products thereof,other
31,biological,"meat, egg and dairy products",metal fragment,ice cream
32,biological,"meat, egg and dairy products",listeria monocytogenes,other
33,allergens,cereals and bakery products,milk and products thereof,other
34,chemical,cereals and bakery products,other,other
35,allergens,"meat, egg and dairy products",almond,other
36,foreign bodies,"meat, egg and dairy products",metal fragment,ready to eat - cook meals
37,foreign bodies,cereals and bakery products,metal fragment,cakes
38,foreign bodies,"meat, egg and dairy products",metal fragment,pork sausage
39,chemical,"meat, egg and dairy products",metal fragment,other
40,allergens,"meat, egg and dairy products",almond,lamb
41,allergens,cereals and bakery products,cereals containing gluten and products thereof,other
42,foreign bodies,non-alcoholic beverages,metal fragment,other
43,foreign bodies,prepared dishes and snacks,other not classified biological hazards,ready to eat - cook meals
44,biological,"meat, egg and dairy products",listeria monocytogenes,other
45,foreign bodies,"meat, egg and dairy products",plastic fragment,biscuits
46,allergens,prepared dishes and snacks,cereals containing gluten and products thereof,sauces
47,biological,"soups, broths, sauces and condiments",listeria monocytogenes,other
48,allergens,"meat, egg and dairy products",almond,other
49,fraud,ices and desserts,eggs and products thereof,ice cream
50,foreign bodies,fruits and vegetables,metal fragment,dried fruits
51,foreign bodies,fruits and vegetables,metal fragment,other
52,foreign bodies,cereals and bakery products,plastic fragment,cakes
53,foreign bodies,"meat, egg and dairy products",plastic fragment,other
54,foreign bodies,"soups, broths, sauces and condiments",plastic fragment,muesli
55,foreign bodies,cereals and bakery products,plastic fragment,biscuits
56,allergens,cereals and bakery products,cereals containing gluten and products thereof,other
57,allergens,cereals and bakery products,peanuts and products thereof,cooking sauce
58,biological,"meat, egg and dairy products",escherichia coli,cheese
59,biological,"meat, egg and dairy products",escherichia coli,cheese
60,foreign bodies,"cocoa and cocoa preparations, coffee and tea",metal fragment,chocolate
61,foreign bodies,cereals and bakery products,glass fragment,other
62,biological,"meat, egg and dairy products",listeria monocytogenes,sausage
63,fraud,cereals and bakery products,labelling/misdescription,other
64,biological,ices and desserts,salmonella,ice cream
65,biological,ices and desserts,salmonella,ice cream
66,biological,ices and desserts,salmonella,ice cream
67,biological,ices and desserts,salmonella,ice cream
68,biological,"nuts, nut products and seeds",salmonella,peanuts
69,biological,fruits and vegetables,incorrect use by dates,other
70,foreign bodies,"soups, broths, sauces and condiments",heavy metals,other
71,fraud,cereals and bakery products,labelling/misdescription,cakes
72,other hazard,"meat, egg and dairy products",specified risk material (srm),other
73,allergens,ices and desserts,peanuts and products thereof,ice cream
74,biological,"meat, egg and dairy products",escherichia coli,ground beef
75,biological,"meat, egg and dairy products",salmonella,eggs
76,biological,fruits and vegetables,salmonella,other
77,allergens,cereals and bakery products,cereals containing gluten and products thereof,cakes
78,allergens,"meat, egg and dairy products",cereals containing gluten and products thereof,cakes
79,biological,fruits and vegetables,salmonella,other
80,chemical,"meat, egg and dairy products",other not classified,jellies
81,foreign bodies,cereals and bakery products,metal fragment,frozen whole fish
82,biological,fruits and vegetables,listeria monocytogenes,salads
83,allergens,non-alcoholic beverages,milk and products thereof,other
84,chemical,"meat, egg and dairy products",milk and products thereof,other
85,biological,"meat, egg and dairy products",listeria monocytogenes,chilled salads
86,biological,fruits and vegetables,listeria monocytogenes,salads
87,allergens,"meat, egg and dairy products",milk and products thereof,other
88,allergens,cereals and bakery products,eggs and products thereof,other
89,biological,"meat, egg and dairy products",escherichia coli,beef products
90,biological,"meat, egg and dairy products",listeria monocytogenes,ready to eat - cook meals
91,biological,fruits and vegetables,salmonella,confectionery
92,allergens,"cocoa and cocoa preparations, coffee and tea",milk and products thereof,chocolate eggs
93,allergens,prepared dishes and snacks,soybeans and products thereof,sausage products
94,foreign bodies,ices and desserts,glass fragment,ice cream
95,allergens,prepared dishes and snacks,milk and products thereof,other
96,allergens,fruits and vegetables,fish and products thereof,other
97,foreign bodies,ices and desserts,metal fragment,ice cream
98,biological,"meat, egg and dairy products",salmonella,other
99,biological,"meat, egg and dairy products",listeria monocytogenes,blue cheese
100,allergens,"meat, egg and dairy products",eggs and products thereof,cooked sausages
101,biological,ices and desserts,salmonella,ice cream
102,biological,"meat, egg and dairy products",listeria monocytogenes,other
103,biological,"meat, egg and dairy products",listeria monocytogenes,ham
104,biological,fruits and vegetables,listeria monocytogenes,salads
105,allergens,prepared dishes and snacks,soybeans and products thereof,other
106,biological,confectionery,salmonella,cakes
107,allergens,cereals and bakery products,peanuts and products thereof,cakes
108,organoleptic aspects,alcoholic beverages,spoilage,cider
109,allergens,cereals and bakery products,sulphur dioxide and sulphites,other
110,allergens,"meat, egg and dairy products",cereals containing gluten and products thereof,chicken preparations
111,chemical,prepared dishes and snacks,glass fragment,other
112,biological,"meat, egg and dairy products",escherichia coli,blue cheese
113,allergens,"meat, egg and dairy products",soybeans and products thereof,other
114,allergens,"meat, egg and dairy products",milk and products thereof,other
115,biological,"meat, egg and dairy products",salmonella,sausage
116,allergens,"cocoa and cocoa preparations, coffee and tea",almond,cookies
117,biological,cereals and bakery products,escherichia coli,other
118,biological,fruits and vegetables,salmonella,other
119,biological,cereals and bakery products,salmonella,other
120,biological,"meat, egg and dairy products",listeria monocytogenes,cheese
121,biological,"nuts, nut products and seeds",salmonella,peanuts
122,biological,"nuts, nut products and seeds",salmonella,peanuts
123,biological,ices and desserts,salmonella,cookies
124,biological,"nuts, nut products and seeds",salmonella,peanuts
125,biological,"cocoa and cocoa preparations, coffee and tea",salmonella,peanuts
126,allergens,"cocoa and cocoa preparations, coffee and tea",eggs and products thereof,dark chocolates
127,allergens,"meat, egg and dairy products",cereals containing gluten and products thereof,other
128,chemical,"meat, egg and dairy products",other,food supplement
129,other hazard,"meat, egg and dairy products",inspection issues,other
130,foreign bodies,ices and desserts,peanuts and products thereof,ice cream
131,foreign bodies,alcoholic beverages,other not classified hazards for foreign bodies,other
132,biological,"meat, egg and dairy products",salmonella,chicken based products
133,foreign bodies,"meat, egg and dairy products",metal fragment,other
134,allergens,"meat, egg and dairy products",soybeans and products thereof,soup
135,allergens,cereals and bakery products,soybeans and products thereof,nuts
136,allergens,cereals and bakery products,fish and products thereof,coconuts
137,allergens,"soups, broths, sauces and condiments",milk and products thereof,other
138,biological,"meat, egg and dairy products",listeria monocytogenes,chicken based products
139,fraud,"meat, egg and dairy products",cereals containing gluten and products thereof,chicken based products
140,allergens,ices and desserts,almond,ice cream
141,chemical,fruits and vegetables,other,other
142,fraud,"meat, egg and dairy products",processing,chicken based products
143,biological,"meat, egg and dairy products",listeria monocytogenes,chicken based products
144,allergens,cereals and bakery products,cereals containing gluten and products thereof,other
145,other hazard,"meat, egg and dairy products",other,other
146,allergens,cereals and bakery products,cereals containing gluten and products thereof,other
147,fraud,"meat, egg and dairy products",inspection issues,dried beef meat
148,foreign bodies,seafood,plastic fragment,other
149,allergens,"nuts, nut products and seeds",peanuts and products thereof,peanuts
150,biological,"meat, egg and dairy products",escherichia coli,ground beef
151,biological,"meat, egg and dairy products",listeria monocytogenes,other
152,biological,"meat, egg and dairy products",listeria monocytogenes,other
153,allergens,"meat, egg and dairy products",peanuts and products thereof,thermal processed pork meat
154,allergens,"meat, egg and dairy products",peanuts and products thereof,pork preparation
155,fraud,"meat, egg and dairy products",inspection issues,other
156,allergens,"meat, egg and dairy products",soybeans and products thereof,chicken preparations
157,allergens,fruits and vegetables,peanuts and products thereof,other
158,allergens,fruits and vegetables,peanuts and products thereof,other
159,allergens,cereals and bakery products,nuts,other
160,allergens,fruits and vegetables,sulphur dioxide and sulphites,other
161,allergens,fruits and vegetables,sulphur dioxide and sulphites,fish products
162,biological,"meat, egg and dairy products",listeria monocytogenes,precooked cooked beef meat products
163,allergens,ices and desserts,eggs and products thereof,ice cream
164,biological,fruits and vegetables,salmonella,garlic powder
165,biological,"meat, egg and dairy products",listeria monocytogenes,precooked cooked beef meat products
166,fraud,"meat, egg and dairy products",soybeans and products thereof,beef products
167,foreign bodies,alcoholic beverages,plastic fragment,other
168,allergens,cereals and bakery products,milk and products thereof,pasta
169,biological,fruits and vegetables,listeria monocytogenes,other
170,biological,cereals and bakery products,salmonella,peaches
171,foreign bodies,prepared dishes and snacks,plastic fragment,other
172,allergens,cereals and bakery products,cereals containing gluten and products thereof,other
173,biological,"meat, egg and dairy products",salmonella,pig meat - pork
174,biological,"meat, egg and dairy products",escherichia coli,cheese
175,allergens,cereals and bakery products,milk and products thereof,other
176,fraud,"meat, egg and dairy products",inspection issues,other
177,allergens,non-alcoholic beverages,soybeans and products thereof,coconut juice
178,foreign bodies,"meat, egg and dairy products",other,other
179,allergens,cereals and bakery products,milk and products thereof,coconuts
180,foreign bodies,"meat, egg and dairy products",processing,chicken based products
181,foreign bodies,non-alcoholic beverages,glass fragment,other
182,biological,seafood,clostridium botulinum,salmon
183,fraud,"meat, egg and dairy products",metal fragment,other
184,biological,"meat, egg and dairy products",coliforms,other
185,biological,"meat, egg and dairy products",salmonella,chicken
186,foreign bodies,prepared dishes and snacks,plastic fragment,other
187,fraud,"meat, egg and dairy products",inspection issues,Catfishes (freshwater)
188,allergens,cereals and bakery products,sulphur dioxide and sulphites,other
189,allergens,prepared dishes and snacks,milk and products thereof,other
190,biological,"meat, egg and dairy products",salmonella,pistachio nuts
191,biological,"meat, egg and dairy products",escherichia coli,olives
192,biological,fruits and vegetables,salmonella,pistachio nuts
193,biological,fruits and vegetables,salmonella,other
194,biological,prepared dishes and snacks,listeria monocytogenes,other
195,allergens,"nuts, nut products and seeds",cashew,almonds
196,allergens,prepared dishes and snacks,fish and products thereof,chicken
197,allergens,cereals and bakery products,soybeans and products thereof,other
198,allergens,cereals and bakery products,milk and products thereof,other
199,biological,fruits and vegetables,listeria monocytogenes,other
200,allergens,"meat, egg and dairy products",milk and products thereof,other
201,allergens,cereals and bakery products,milk and products thereof,other
202,allergens,cereals and bakery products,milk and products thereof,dietary supplement
203,foreign bodies,"meat, egg and dairy products",foreign bodies,chicken based products
204,allergens,cereals and bakery products,peanuts and products thereof,cookies
205,allergens,cereals and bakery products,soybeans and products thereof,ready to eat - cook meals
206,allergens,fruits and vegetables,milk and products thereof,other
207,biological,fruits and vegetables,listeria monocytogenes,sunflower seed
208,biological,"cocoa and cocoa preparations, coffee and tea",listeria monocytogenes,peanuts
209,biological,"nuts, nut products and seeds",listeria monocytogenes,sunflower seed
210,biological,fruits and vegetables,salmonella,other
211,biological,fruits and vegetables,listeria monocytogenes,other
212,allergens,cereals and bakery products,peanuts and products thereof,tofu
213,biological,"cocoa and cocoa preparations, coffee and tea",listeria monocytogenes,sunflower seed
214,biological,prepared dishes and snacks,listeria monocytogenes,other
215,biological,"nuts, nut products and seeds",salmonella,other
216,allergens,cereals and bakery products,soybeans and products thereof,cakes
217,biological,"meat, egg and dairy products",listeria monocytogenes,chicken based products
218,biological,"meat, egg and dairy products",escherichia coli,veal
219,allergens,prepared dishes and snacks,eggs and products thereof,other
220,fraud,seafood,unauthorised import,other
221,allergens,"cocoa and cocoa preparations, coffee and tea",milk and products thereof,cookies
222,biological,"meat, egg and dairy products",listeria monocytogenes,wraps
223,allergens,"cocoa and cocoa preparations, coffee and tea",eggs and products thereof,beer
224,allergens,"meat, egg and dairy products",eggs and products thereof,chicken based products
225,foreign bodies,cereals and bakery products,plastic fragment,other
226,foreign bodies,"meat, egg and dairy products",metal fragment,ground beef
227,foreign bodies,"meat, egg and dairy products",inspection issues,poultry meat and poultry meat products
228,biological,"nuts, nut products and seeds",salmonella,other
229,biological,"dietetic foods, food supplements, fortified foods",salmonella,other
230,biological,"nuts, nut products and seeds",salmonella,pâté
231,allergens,cereals and bakery products,milk and products thereof,other dairy products
232,biological,fruits and vegetables,listeria monocytogenes,salmon
233,foreign bodies,"meat, egg and dairy products",plastic fragment,chicken based products
234,allergens,"meat, egg and dairy products",eggs and products thereof,other
235,fraud,"meat, egg and dairy products",processing,chicken based products
236,allergens,cereals and bakery products,peanuts and products thereof,other
237,biological,cereals and bakery products,listeria monocytogenes,other
238,foreign bodies,cereals and bakery products,escherichia coli,other
239,allergens,cereals and bakery products,milk and products thereof,cakes
240,allergens,cereals and bakery products,eggs and products thereof,other
241,biological,fruits and vegetables,salmonella,other
242,biological,ices and desserts,salmonella,ice cream
243,biological,cereals and bakery products,metal fragment,concentrated apples
244,biological,"nuts, nut products and seeds",salmonella,other
245,biological,ices and desserts,salmonella,pistachio nuts
246,allergens,"meat, egg and dairy products",milk and products thereof,chicken based products
247,allergens,cereals and bakery products,soybeans and products thereof,feed materials
248,allergens,prepared dishes and snacks,almond,other
249,biological,"meat, egg and dairy products",listeria monocytogenes,other
250,biological,"meat, egg and dairy products",escherichia coli,cheese
251,foreign bodies,prepared dishes and snacks,other,other
252,biological,fruits and vegetables,listeria monocytogenes,other
253,allergens,"meat, egg and dairy products",milk and products thereof,other
254,biological,fruits and vegetables,listeria monocytogenes,other
255,biological,"meat, egg and dairy products",listeria monocytogenes,chilled salads
256,foreign bodies,"meat, egg and dairy products",metal fragment,beef products
257,foreign bodies,"meat, egg and dairy products",metal fragment,other
258,fraud,"meat, egg and dairy products",metal fragment,other
259,allergens,cereals and bakery products,peanuts and products thereof,other
260,biological,ices and desserts,listeria monocytogenes,ice cream
261,biological,"meat, egg and dairy products",escherichia coli,other
262,biological,"meat, egg and dairy products",escherichia coli,ground beef
263,biological,"meat, egg and dairy products",listeria monocytogenes,other
264,biological,"nuts, nut products and seeds",salmonella,other
265,biological,"meat, egg and dairy products",escherichia coli,frozen raw ground beef
266,biological,"meat, egg and dairy products",escherichia coli,ground beef
267,biological,"meat, egg and dairy products",listeria monocytogenes,other
268,biological,"meat, egg and dairy products",escherichia coli,flour
269,allergens,prepared dishes and snacks,cereals containing gluten and products thereof,sandwiches
270,foreign bodies,"meat, egg and dairy products",plastic fragment,sauces
271,allergens,cereals and bakery products,milk and products thereof,crisps
272,allergens,cereals and bakery products,eggs and products thereof,other
273,allergens,cereals and bakery products,cereals containing gluten and products thereof,cookies
274,foreign bodies,fruits and vegetables,metal fragment,salads
275,foreign bodies,"meat, egg and dairy products",damaged packaging,other
276,biological,cereals and bakery products,norovirus,cakes
277,fraud,"meat, egg and dairy products",inspection issues,Not classified pork meat
278,allergens,"nuts, nut products and seeds",peanuts and products thereof,other
279,allergens,"meat, egg and dairy products",milk and products thereof,chicken based products
280,other hazard,fruits and vegetables,unauthorised colour sudan 4,other
281,allergens,cereals and bakery products,milk and products thereof,other
282,allergens,"meat, egg and dairy products",cereals containing gluten and products thereof,other
283,allergens,alcoholic beverages,milk and products thereof,other
284,allergens,"soups, broths, sauces and condiments",soybeans and products thereof,seasoning
285,foreign bodies,"nuts, nut products and seeds",plastic fragment,beer
286,foreign bodies,cereals and bakery products,insects,concentrated apples
287,allergens,"soups, broths, sauces and condiments",peanuts and products thereof,other
288,allergens,"meat, egg and dairy products",soybeans and products thereof,chicken based products
289,allergens,"cocoa and cocoa preparations, coffee and tea",milk and products thereof,dark chocolates
290,biological,prepared dishes and snacks,escherichia coli,other
291,biological,seafood,clostridium botulinum,fish roe
292,allergens,fruits and vegetables,sesame seeds and products thereof,other
293,allergens,"meat, egg and dairy products",milk and products thereof,other
294,fraud,"meat, egg and dairy products",inspection issues,other
295,allergens,"meat, egg and dairy products",peanuts and products thereof,chicken based products
296,foreign bodies,"meat, egg and dairy products",plastic fragment,chicken based products
297,allergens,confectionery,milk and products thereof,soup
298,allergens,"meat, egg and dairy products",milk and products thereof,jam
299,allergens,confectionery,sesame seeds and products thereof,other
300,foreign bodies,"meat, egg and dairy products",plastic fragment,chicken based products
301,allergens,fruits and vegetables,cereals containing gluten and products thereof,salads
302,biological,herbs and spices,salmonella,coriander
303,allergens,cereals and bakery products,mustard and products thereof,other
304,biological,fruits and vegetables,listeria monocytogenes,other
305,foreign bodies,cereals and bakery products,rubber fragments,other
306,allergens,cereals and bakery products,sesame seeds and products thereof,other
307,biological,"meat, egg and dairy products",escherichia coli,other
308,biological,fruits and vegetables,metal fragment,other
309,biological,herbs and spices,salmonella,other
310,foreign bodies,fruits and vegetables,glass fragment,other
311,biological,fruits and vegetables,salmonella,other
312,allergens,alcoholic beverages,mustard and products thereof,other
313,biological,fruits and vegetables,salmonella,grated coconut
314,allergens,ices and desserts,peanuts and products thereof,ice cream
315,foreign bodies,"meat, egg and dairy products",metal fragment,other
316,biological,"meat, egg and dairy products",escherichia coli,flour
317,biological,prepared dishes and snacks,listeria monocytogenes,potato salad
318,allergens,cereals and bakery products,milk and products thereof,other
319,biological,"nuts, nut products and seeds",salmonella,pistachio nuts
320,foreign bodies,"meat, egg and dairy products",plastic fragment,palm oil
321,allergens,prepared dishes and snacks,milk and products thereof,seasoning
322,foreign bodies,non-alcoholic beverages,metal fragment,other
323,foreign bodies,"meat, egg and dairy products",metal fragment,chicken based products
324,foreign bodies,cereals and bakery products,plastic fragment,other
325,fraud,"meat, egg and dairy products",inspection issues,other
326,chemical,"meat, egg and dairy products",other,other
327,biological,"nuts, nut products and seeds",salmonella,macadamia nuts
328,foreign bodies,"meat, egg and dairy products",plastic fragment,other
329,foreign bodies,cereals and bakery products,plastic fragment,other
330,allergens,"meat, egg and dairy products",crustaceans and products thereof,halva
331,fraud,"meat, egg and dairy products",inspection issues,chicken based products
332,allergens,cereals and bakery products,eggs and products thereof,other
333,allergens,"meat, egg and dairy products",soybeans and products thereof,chicken based products
334,biological,fruits and vegetables,listeria monocytogenes,frozen vegetables
335,biological,"meat, egg and dairy products",salmonella,chicken based products
336,biological,fruits and vegetables,salmonella,mitragyna speciosa (kratom)
337,allergens,cereals and bakery products,cereals containing gluten and products thereof,bread
338,biological,"meat, egg and dairy products",listeria monocytogenes,chicken based products
339,allergens,fruits and vegetables,cereals containing gluten and products thereof,other
340,foreign bodies,alcoholic beverages,metal fragment,apricot kernels
341,allergens,seafood,eggs and products thereof,pork preparation
342,fraud,"meat, egg and dairy products",inspection issues,other
343,foreign bodies,cereals and bakery products,insects,pickled peppers
344,fraud,cereals and bakery products,packaging defect,other
345,allergens,cereals and bakery products,milk and products thereof,coconut juice
346,foreign bodies,fruits and vegetables,glass fragment,other
347,allergens,"cocoa and cocoa preparations, coffee and tea",mustard and products thereof,other
348,allergens,fruits and vegetables,sulphur dioxide and sulphites,mango
349,biological,"meat, egg and dairy products",salmonella,chicken based products
350,allergens,"meat, egg and dairy products",milk and products thereof,Catfishes (freshwater)
351,allergens,cereals and bakery products,peanuts and products thereof,other
352,allergens,herbs and spices,mustard and products thereof,other
353,foreign bodies,cereals and bakery products,plastic fragment,frozen hash browns
354,biological,"meat, egg and dairy products",salmonella,other
355,allergens,"meat, egg and dairy products",soybeans and products thereof,chicken based products
356,allergens,cereals and bakery products,mustard and products thereof,curry
357,foreign bodies,"meat, egg and dairy products",plastic fragment,other
358,allergens,"dietetic foods, food supplements, fortified foods",almond,other
359,biological,"meat, egg and dairy products",moulds,other
360,foreign bodies,cereals and bakery products,insects,other
361,foreign bodies,cereals and bakery products,insects,other
362,allergens,"meat, egg and dairy products",milk and products thereof,chicken based products
363,allergens,"meat, egg and dairy products",milk and products thereof,chicken based products
364,biological,"meat, egg and dairy products",listeria monocytogenes,blue cheese
365,allergens,cereals and bakery products,milk and products thereof,other
366,allergens,cereals and bakery products,milk and products thereof,other
367,fraud,seafood,inspection issues,veal
368,allergens,prepared dishes and snacks,peanuts and products thereof,cooked chicken
369,allergens,cereals and bakery products,cereals containing gluten and products thereof,other
370,biological,"meat, egg and dairy products",salmonella,other types of meat
371,allergens,"soups, broths, sauces and condiments",milk and products thereof,other
372,foreign bodies,alcoholic beverages,glass fragment,other
373,biological,fruits and vegetables,listeria monocytogenes,fresh vegetables
374,allergens,cereals and bakery products,eggs and products thereof,other
375,biological,fruits and vegetables,listeria monocytogenes,other
376,biological,"meat, egg and dairy products",listeria monocytogenes,chicken based products
377,allergens,cereals and bakery products,milk and products thereof,other
378,biological,"meat, egg and dairy products",escherichia coli,other
379,allergens,"meat, egg and dairy products",soybeans and products thereof,chicken based products
380,allergens,seafood,eggs and products thereof,other
381,biological,fruits and vegetables,listeria monocytogenes,other
382,foreign bodies,"meat, egg and dairy products",plastic fragment,chicken based products
383,allergens,"nuts, nut products and seeds",milk and products thereof,other
384,fraud,"meat, egg and dairy products",incorrect use by dates,minced pork
385,allergens,cereals and bakery products,cereals containing gluten and products thereof,other
386,allergens,prepared dishes and snacks,eggs and products thereof,other
387,foreign bodies,"meat, egg and dairy products",plastic fragment,chicken based products
388,biological,"meat, egg and dairy products",escherichia coli,milk
389,biological,cereals and bakery products,escherichia coli,other
390,allergens,"soups, broths, sauces and condiments",cereals containing gluten and products thereof,cakes
391,biological,alcoholic beverages,metal fragment,other
392,allergens,cereals and bakery products,milk and products thereof,milk powder
393,allergens,cereals and bakery products,milk and products thereof,soup
394,allergens,fruits and vegetables,sulphates/sulphites,dried apricots
395,foreign bodies,"meat, egg and dairy products",plastic fragment,chicken based products
396,allergens,fruits and vegetables,sulphur dioxide and sulphites,other
397,allergens,cereals and bakery products,milk and products thereof,other
398,allergens,cereals and bakery products,cereals containing gluten and products thereof,cakes
399,foreign bodies,"meat, egg and dairy products",glass fragment,chicken based products
400,biological,prepared dishes and snacks,salmonella,other
401,allergens,"meat, egg and dairy products",milk and products thereof,chicken preparations
402,allergens,"meat, egg and dairy products",milk and products thereof,other
403,biological,cereals and bakery products,escherichia coli,flour
404,allergens,"meat, egg and dairy products",soybeans and products thereof,other
405,allergens,"meat, egg and dairy products",eggs and products thereof,chicken based products
406,biological,"meat, egg and dairy products",listeria monocytogenes,chicken based products
407,biological,"meat, egg and dairy products",listeria monocytogenes,chicken based products
408,fraud,prepared dishes and snacks,poor or insufficient controls,other
409,biological,"meat, egg and dairy products",listeria monocytogenes,beef
410,allergens,cereals and bakery products,milk and products thereof,dark chocolates
411,biological,non-alcoholic beverages,pseudomonas spp.,other
412,allergens,cereals and bakery products,milk and products thereof,cakes
413,biological,"meat, egg and dairy products",listeria monocytogenes,other
414,biological,"meat, egg and dairy products",listeria monocytogenes,cheese
415,biological,fruits and vegetables,listeria monocytogenes,other
416,allergens,"meat, egg and dairy products",crustaceans and products thereof,dumplings
417,allergens,cereals and bakery products,peanuts and products thereof,cakes
418,biological,fruits and vegetables,salmonella,courgettes
419,allergens,non-alcoholic beverages,milk and products thereof,other
420,biological,"nuts, nut products and seeds",salmonella,tahini
421,biological,"nuts, nut products and seeds",listeria monocytogenes,sandwiches
422,allergens,prepared dishes and snacks,eggs and products thereof,other
423,biological,"meat, egg and dairy products",escherichia coli,other
424,biological,prepared dishes and snacks,listeria monocytogenes,other
425,foreign bodies,non-alcoholic beverages,plastic fragment,jam
426,foreign bodies,cereals and bakery products,plastic fragment,other
427,allergens,cereals and bakery products,milk and products thereof,milk
428,allergens,cereals and bakery products,peanuts and products thereof,pasta
429,biological,seafood,norovirus,oysters
430,allergens,alcoholic beverages,mustard and products thereof,other
431,allergens,prepared dishes and snacks,milk and products thereof,Fishes not identified
432,fraud,"meat, egg and dairy products",incorrect use by dates,chicken
433,allergens,seafood,eggs and products thereof,other
434,allergens,"meat, egg and dairy products",milk and products thereof,spring rolls
435,allergens,prepared dishes and snacks,milk and products thereof,other
436,allergens,cereals and bakery products,nuts,other
437,allergens,cereals and bakery products,cereals containing gluten and products thereof,other
438,biological,cereals and bakery products,salmonella,other
439,biological,"meat, egg and dairy products",listeria monocytogenes,salmon
440,allergens,cereals and bakery products,sulphur dioxide and sulphites,other
441,allergens,cereals and bakery products,eggs and products thereof,other
442,biological,fruits and vegetables,listeria monocytogenes,other
443,chemical,fruits and vegetables,patulin,coconut oil
444,fraud,prepared dishes and snacks,incorrect use by dates,other
445,foreign bodies,cereals and bakery products,moulds,other
446,organoleptic aspects,cereals and bakery products,moulds,almond products
447,fraud,cereals and bakery products,undeclared additive,other
448,fraud,"meat, egg and dairy products",inspection issues,other
449,allergens,prepared dishes and snacks,milk and products thereof,other
450,allergens,cereals and bakery products,milk and products thereof,cakes
451,biological,fruits and vegetables,salmonella,other
452,foreign bodies,fruits and vegetables,metal fragment,salads
453,allergens,"cocoa and cocoa preparations, coffee and tea",milk and products thereof,dark chocolates
454,allergens,prepared dishes and snacks,eggs and products thereof,cheese products
455,biological,"meat, egg and dairy products",listeria monocytogenes,chicken based products
456,biological,fruits and vegetables,salmonella,onions
457,biological,fruits and vegetables,salmonella,parsley
458,allergens,"soups, broths, sauces and condiments",mustard and products thereof,mayonnaise
459,biological,"meat, egg and dairy products",listeria monocytogenes,chicken based products
460,allergens,cereals and bakery products,milk and products thereof,other
461,allergens,"soups, broths, sauces and condiments",peanuts and products thereof,other
462,biological,"meat, egg and dairy products",escherichia coli,ground beef
463,foreign bodies,prepared dishes and snacks,plastic fragment,other
464,allergens,"cocoa and cocoa preparations, coffee and tea",milk and products thereof,dark chocolates
465,allergens,cereals and bakery products,eggs and products thereof,fruit pies
466,biological,"meat, egg and dairy products",listeria monocytogenes,cheese
467,chemical,"soups, broths, sauces and condiments",metal fragment,other
468,chemical,cereals and bakery products,unauthorised substance ethylene oxide,sesame seeds
469,foreign bodies,cereals and bakery products,plastic fragment,other
470,foreign bodies,non-alcoholic beverages,metal fragment,other
471,biological,fruits and vegetables,salmonella,halva
472,chemical,"meat, egg and dairy products",unauthorised substance ethylene oxide,other
473,biological,fruits and vegetables,escherichia coli,other
474,allergens,fruits and vegetables,peanuts and products thereof,other
475,allergens,"meat, egg and dairy products",milk and products thereof,chicken based products
476,allergens,prepared dishes and snacks,cereals containing gluten and products thereof,other
477,biological,prepared dishes and snacks,salmonella,chicken based products
478,chemical,herbs and spices,unauthorised substance ethylene oxide,other
479,foreign bodies,"meat, egg and dairy products",plastic fragment,chicken based products
480,allergens,prepared dishes and snacks,fish and products thereof,crackers
481,allergens,prepared dishes and snacks,eggs and products thereof,chilled salads
482,allergens,"meat, egg and dairy products",soybeans and products thereof,chicken based products
483,foreign bodies,"meat, egg and dairy products",glass fragment,sauce
484,biological,seafood,clostridium botulinum,other
485,allergens,cereals and bakery products,peanuts and products thereof,dumplings
486,allergens,cereals and bakery products,milk and products thereof,other
487,allergens,cereals and bakery products,eggs and products thereof,other
488,foreign bodies,fruits and vegetables,glass fragment,other
489,allergens,"cocoa and cocoa preparations, coffee and tea",milk and products thereof,chocolate drink powder
490,foreign bodies,cereals and bakery products,glass fragment,biscuits
491,biological,"meat, egg and dairy products",salmonella,pet feed
492,allergens,"cocoa and cocoa preparations, coffee and tea",soybeans and products thereof,food supplement
493,biological,fruits and vegetables,salmonella,other
494,biological,fruits and vegetables,escherichia coli,other
495,allergens,"meat, egg and dairy products",sulphur dioxide and sulphites,chicken based products
496,allergens,"nuts, nut products and seeds",peanuts and products thereof,other
497,allergens,cereals and bakery products,milk and products thereof,other
498,allergens,cereals and bakery products,soybeans and products thereof,other
499,allergens,cereals and bakery products,soybeans and products thereof,other
500,allergens,cereals and bakery products,milk and products thereof,other
501,allergens,cereals and bakery products,mustard and products thereof,other
502,biological,"meat, egg and dairy products",listeria monocytogenes,ice cream
503,foreign bodies,cereals and bakery products,metal fragment,other
504,biological,fruits and vegetables,sulphur dioxide and sulphites,other
505,allergens,"soups, broths, sauces and condiments",mustard and products thereof,other
506,biological,"meat, egg and dairy products",patulin,other
507,biological,"meat, egg and dairy products",damaged packaging,other
508,allergens,"dietetic foods, food supplements, fortified foods",milk and products thereof,other
509,allergens,ices and desserts,milk and products thereof,desserts
510,biological,fruits and vegetables,listeria monocytogenes,fresh mushrooms
511,allergens,fruits and vegetables,sulphates/sulphites,other
512,chemical,"dietetic foods, food supplements, fortified foods",chemical compound (unauthorised),dietary supplement
513,biological,fruits and vegetables,salmonella,gravy mix
514,allergens,cereals and bakery products,peanuts and products thereof,cookies
515,foreign bodies,ices and desserts,metal fragment,other
516,allergens,cereals and bakery products,milk and products thereof,other
517,fraud,fruits and vegetables,sulphur dioxide,frozen lobster
518,foreign bodies,"meat, egg and dairy products",plastic fragment,chicken based products
519,biological,"meat, egg and dairy products",salmonella,other
520,other hazard,"meat, egg and dairy products",other,chicken
521,biological,fruits and vegetables,listeria monocytogenes,other
522,biological,"meat, egg and dairy products",listeria monocytogenes,other
523,biological,"meat, egg and dairy products",compositional deviation,feed materials
524,biological,fruits and vegetables,listeria monocytogenes,other
525,fraud,fruits and vegetables,sulphur dioxide,dried shrimp noodles
526,chemical,fruits and vegetables,other,other
527,biological,fruits and vegetables,listeria monocytogenes,other
528,allergens,cereals and bakery products,milk and products thereof,other
529,biological,fruits and vegetables,listeria monocytogenes,chilled salads
530,allergens,"cocoa and cocoa preparations, coffee and tea",milk and products thereof,dark chocolates
531,allergens,"soups, broths, sauces and condiments",soybeans and products thereof,other
532,biological,"nuts, nut products and seeds",salmonella,bottled water
533,biological,"meat, egg and dairy products",metal fragment,curry sauces
534,allergens,fruits and vegetables,milk and products thereof,other
535,biological,"meat, egg and dairy products",salmonella,chicken
536,allergens,prepared dishes and snacks,milk and products thereof,other
537,other hazard,cereals and bakery products,other,other
538,biological,fruits and vegetables,listeria monocytogenes,fresh mushrooms
539,foreign bodies,seafood,plastic fragment,other
540,biological,fruits and vegetables,salmonella,other
541,chemical,other food product / mixed,unauthorised operator,other
542,foreign bodies,cereals and bakery products,glass fragment,rice noodles
543,chemical,seafood,unauthorised substance ethylene oxide,other
544,allergens,"cocoa and cocoa preparations, coffee and tea",peanuts and products thereof,chocolate and chocolate products
545,biological,"meat, egg and dairy products",salmonella,other
546,foreign bodies,"meat, egg and dairy products",metal fragment,other
547,packaging defect,alcoholic beverages,alcohol content,ice cream
548,biological,"meat, egg and dairy products",salmonella,chocolate products
549,allergens,"soups, broths, sauces and condiments",mustard and products thereof,other
550,allergens,"meat, egg and dairy products",sesame seeds and products thereof,other
551,allergens,"meat, egg and dairy products",sesame seeds and products thereof,fresh processed beef meat products
552,biological,"cocoa and cocoa preparations, coffee and tea",salmonella,chocolate products
553,biological,"cocoa and cocoa preparations, coffee and tea",salmonella,chocolate products
554,biological,"nuts, nut products and seeds",salmonella,other
555,allergens,cereals and bakery products,peanuts and products thereof,cookies
556,allergens,cereals and bakery products,cereals containing gluten and products thereof,other
557,biological,"nuts, nut products and seeds",salmonella,peanuts
558,chemical,"dietetic foods, food supplements, fortified foods",sulphur dioxide and sulphites,other
559,biological,ices and desserts,escherichia coli,ice cream
560,chemical,ices and desserts,unauthorised substance ethylene oxide,ice cream
561,allergens,"meat, egg and dairy products",milk and products thereof,other
562,allergens,cereals and bakery products,milk and products thereof,dark chocolate coated almonds
563,foreign bodies,cereals and bakery products,plastic fragment,chocolate
564,allergens,cereals and bakery products,peanuts and products thereof,biscuits
565,allergens,confectionery,milk and products thereof,dark chocolates
